﻿<?xml version="1.0" encoding="utf-8"?>
<publishData>
  <publishProfile publishUrl="C:\Users\Minghui.Li\Desktop\new" deleteExistingFiles="False" ftpAnonymousLogin="False" ftpPassiveMode="True" msdeploySite="" msdeploySiteID="" msdeployRemoteSitePhysicalPath="" msdeployAllowUntrustedCertificate="False" msdeploySkipExtraFilesOnServer="True" msdeployMarkAsApp="False" profileName="Profile1" publishMethod="FileSystem" replaceMatchingFiles="True" userName="" savePWD="False" userPWD="" SelectedForPublish="True">
    <file relUrl="bin/System.Net.Http.WebRequest.dll" publishTime="12/14/2013 10:38:34" />
    <file relUrl="bin/EntityFramework.dll" publishTime="12/16/2013 09:40:02" />
    <file relUrl="bin/System.Web.WebPages.xml" publishTime="12/14/2013 10:38:33" />
    <file relUrl="Global.asax" publishTime="12/14/2013 10:38:27" />
    <file relUrl="bin/EntityFramework.xml" publishTime="12/16/2013 09:40:02" />
    <file relUrl="bin/EntityFramework.SqlServer.dll" publishTime="12/16/2013 09:40:02" />
    <file relUrl="bin/System.Net.Http.WebRequest.xml" publishTime="12/14/2013 10:38:34" />
    <file relUrl="bin/System.Web.Mvc.xml" publishTime="12/14/2013 10:38:33" />
    <file relUrl="bin/System.Net.Http.dll" publishTime="12/14/2013 10:38:34" />
    <file relUrl="bin/System.Net.Http.Formatting.dll" publishTime="12/14/2013 10:38:34" />
    <file relUrl="bin/Newtonsoft.Json.xml" publishTime="12/14/2013 10:38:32" />
    <file relUrl="bin/System.Web.Mvc.dll" publishTime="12/14/2013 10:38:33" />
    <file relUrl="bin/System.Web.WebPages.Deployment.xml" publishTime="12/14/2013 10:38:33" />
    <file relUrl="bin/System.Web.WebPages.Razor.xml" publishTime="12/14/2013 10:38:33" />
    <file relUrl="bin/GotchServer.Portal.dll" publishTime="12/25/2013 15:07:30" />
    <file relUrl="packages.config" publishTime="12/16/2013 09:40:02" />
    <file relUrl="bin/System.Web.Http.xml" publishTime="12/14/2013 10:38:34" />
    <file relUrl="bin/System.Web.WebPages.dll" publishTime="12/14/2013 10:38:33" />
    <file relUrl="bin/System.Web.Razor.xml" publishTime="12/14/2013 10:38:33" />
    <file relUrl="bin/System.Web.Http.WebHost.xml" publishTime="12/14/2013 10:38:34" />
    <file relUrl="bin/GoDutchServer.Model.dll" publishTime="12/25/2013 15:03:57" />
    <file relUrl="bin/System.Web.Http.dll" publishTime="12/14/2013 10:38:34" />
    <file relUrl="bin/Newtonsoft.Json.dll" publishTime="12/14/2013 10:38:32" />
    <file relUrl="bin/EntityFramework.SqlServer.xml" publishTime="12/16/2013 09:40:02" />
    <file relUrl="bin/GoDutchServer.Model.pdb" publishTime="12/25/2013 15:03:57" />
    <file relUrl="Views/Web.config" publishTime="12/14/2013 10:38:27" />
    <file relUrl="bin/System.Web.Razor.dll" publishTime="12/14/2013 10:38:33" />
    <file relUrl="bin/System.Web.Helpers.xml" publishTime="12/14/2013 10:38:33" />
    <file relUrl="bin/System.Web.WebPages.Deployment.dll" publishTime="12/14/2013 10:38:33" />
    <file relUrl="bin/System.Web.Http.WebHost.dll" publishTime="12/14/2013 10:38:34" />
    <file relUrl="bin/System.Net.Http.xml" publishTime="12/14/2013 10:38:34" />
    <file relUrl="bin/Microsoft.Web.Infrastructure.dll" publishTime="12/14/2013 10:38:33" />
    <file relUrl="Web.config" publishTime="12/25/2013 15:08:21" />
    <file relUrl="bin/System.Web.Helpers.dll" publishTime="12/14/2013 10:38:33" />
    <file relUrl="bin/System.Net.Http.Formatting.xml" publishTime="12/14/2013 10:38:34" />
    <file relUrl="bin/GotchServer.Portal.pdb" publishTime="12/25/2013 15:07:30" />
    <file relUrl="bin/System.Web.WebPages.Razor.dll" publishTime="12/14/2013 10:38:33" />
  </publishProfile>
</publishData>